food_id,wikipedia_id,food_group,food_subgroup,ncbi_taxonomy_id,db,rank,matched_taxid,kingdom,phylum,class,order,family,genus,species,taxon,taxrank,kraken_raw_reads,reads,sample_id,lineage,taxid_lineage,relative_abundance,total_reads,total_raw_reads,bacteria_reads,human_reads
8,Garlic,Herbs and Spices,Herbs,4682,genbank,species,4682,Eukaryota,Streptophyta,Magnoliopsida,Asparagales,Amaryllidaceae,Allium,Allium sativum,Allium sativum,species,661889,667591,positive_15,k__Eukaryota;p__Streptophyta;c__Magnoliopsida;o__Asparagales;f__Amaryllidaceae;g__Allium;s__Allium sativum,2759;35493;3398;73496;4668;4678;4682,0.0760749231861966,8775441,5771753,7890573,1864
880,Garlic,Herbs and Spices,Herbs,4682,genbank,species,4682,Eukaryota,Streptophyta,Magnoliopsida,Asparagales,Amaryllidaceae,Allium,Allium sativum,Allium sativum,species,661889,667591,positive_15,k__Eukaryota;p__Streptophyta;c__Magnoliopsida;o__Asparagales;f__Amaryllidaceae;g__Allium;s__Allium sativum,2759;35493;3398;73496;4668;4678;4682,0.0760749231861966,8775441,5771753,7890573,1864
169,Rye,Cereals and cereal products,Cereals,4550,genbank,species,4550,Eukaryota,Streptophyta,Magnoliopsida,Poales,Poaceae,Secale,Secale cereale,Secale cereale,species,106,159,positive_15,k__Eukaryota;p__Streptophyta;c__Magnoliopsida;o__Poales;f__Poaceae;g__Secale;s__Secale cereale,2759;35493;3398;38820;4479;4549;4550,1.81187475364486e-05,8775441,5771753,7890573,1864
79,Buckwheat,Cereals and cereal products,Cereals,3617,genbank,species,3617,Eukaryota,Streptophyta,Magnoliopsida,Caryophyllales,Polygonaceae,Fagopyrum,Fagopyrum esculentum,Fagopyrum esculentum,species,163456,165055,positive_15,k__Eukaryota;p__Streptophyta;c__Magnoliopsida;o__Caryophyllales;f__Polygonaceae;g__Fagopyrum;s__Fagopyrum esculentum,2759;35493;3398;3524;3615;3616;3617,0.0188087413498649,8775441,5771753,7890573,1864
186,Fenugreek,Herbs and Spices,Herbs,78534,nucleotide,species,78534,Eukaryota,Streptophyta,Magnoliopsida,Fabales,Fabaceae,Trigonella,Trigonella foenum-graecum,Trigonella foenum-graecum,species,11565,37728,positive_15,k__Eukaryota;p__Streptophyta;c__Magnoliopsida;o__Fabales;f__Fabaceae;g__Trigonella;s__Trigonella foenum-graecum,2759;35493;3398;72025;3803;78532;78534,0.00429927111355429,8775441,5771753,7890573,1864
151,Pomegranate,Fruits,Tropical fruits,22663,genbank,species,22663,Eukaryota,Streptophyta,Magnoliopsida,Myrtales,Lythraceae,Punica,Punica granatum,Punica granatum,species,2557,2572,positive_15,k__Eukaryota;p__Streptophyta;c__Magnoliopsida;o__Myrtales;f__Lythraceae;g__Punica;s__Punica granatum,2759;35493;3398;41944;3928;22662;22663,0.000293090683419785,8775441,5771753,7890573,1864
334,Chicken,Animal foods,Poultry,9031,genbank,species,9031,Eukaryota,Chordata,Aves,Galliformes,Phasianidae,Gallus,Gallus gallus,Gallus gallus,species,9038,9899,positive_15,k__Eukaryota;p__Chordata;c__Aves;o__Galliformes;f__Phasianidae;g__Gallus;s__Gallus gallus,2759;7711;8782;8976;9005;9030;9031,0.0011280344771277,8775441,5771753,7890573,1864
97,Sweet_bay,Herbs and Spices,Herbs,85223,nucleotide,species,85223,Eukaryota,Streptophyta,Magnoliopsida,Laurales,Lauraceae,Laurus,Laurus nobilis,Laurus nobilis,species,10787,635244,positive_3,k__Eukaryota;p__Streptophyta;c__Magnoliopsida;o__Laurales;f__Lauraceae;g__Laurus;s__Laurus nobilis,2759;35493;3398;3432;3433;85222;85223,0.0727334513948753,8733863,5123279,7890746,2118
130,Avocado,Vegetables,Fruit vegetables,3435,genbank,species,3435,Eukaryota,Streptophyta,Magnoliopsida,Laurales,Lauraceae,Persea,Persea americana,Persea americana,species,71,121,positive_3,k__Eukaryota;p__Streptophyta;c__Magnoliopsida;o__Laurales;f__Lauraceae;g__Persea;s__Persea americana,2759;35493;3398;3432;3433;3434;3435,1.38541215954498e-05,8733863,5123279,7890746,2118
799,Cupua√ßu,Herbs and Spices,Oilseed crops,108881,genbank,species,108881,Eukaryota,Streptophyta,Magnoliopsida,Malvales,Malvaceae,Theobroma,Theobroma grandiflorum,Theobroma grandiflorum,species,33799,36796,positive_3,k__Eukaryota;p__Streptophyta;c__Magnoliopsida;o__Malvales;f__Malvaceae;g__Theobroma;s__Theobroma grandiflorum,2759;35493;3398;41938;3629;3640;108881,0.00421302692748902,8733863,5123279,7890746,2118
326,Carob,Vegetables,Other vegetables,20340,genbank,species,20340,Eukaryota,Streptophyta,Magnoliopsida,Fabales,Fabaceae,Ceratonia,Ceratonia siliqua,Ceratonia siliqua,species,311,318,positive_3,k__Eukaryota;p__Streptophyta;c__Magnoliopsida;o__Fabales;f__Fabaceae;g__Ceratonia;s__Ceratonia siliqua,2759;35493;3398;72025;3803;20339;20340,3.64100055153144e-05,8733863,5123279,7890746,2118
12,Pineapple,Fruits,Tropical fruits,4615,genbank,species,4615,Eukaryota,Streptophyta,Magnoliopsida,Poales,Bromeliaceae,Ananas,Ananas comosus,Ananas comosus,species,9601,9674,positive_3,k__Eukaryota;p__Streptophyta;c__Magnoliopsida;o__Poales;f__Bromeliaceae;g__Ananas;s__Ananas comosus,2759;35493;3398;38820;4613;4614;4615,0.00110764274639985,8733863,5123279,7890746,2118
588,Common dab,Aquatic foods,Fishes,27771,genbank,species,27771,Eukaryota,Chordata,Actinopteri,Pleuronectiformes,Pleuronectidae,Limanda,Limanda limanda,Limanda limanda,species,143214,156310,positive_3,k__Eukaryota;p__Chordata;c__Actinopteri;o__Pleuronectiformes;f__Pleuronectidae;g__Limanda;s__Limanda limanda,2759;7711;186623;8252;8256;8257;27771,0.017897006170122,8733863,5123279,7890746,2118
522,Yellowfin_tuna,Aquatic foods,Fishes,8236,genbank,species,8236,Eukaryota,Chordata,Actinopteri,Scombriformes,Scombridae,Thunnus,Thunnus albacares,Thunnus albacares,species,655,2320,positive_3,k__Eukaryota;p__Chordata;c__Actinopteri;o__Scombriformes;f__Scombridae;g__Thunnus;s__Thunnus albacares,2759;7711;186623;1489894;8224;8234;8236,0.000265632744640029,8733863,5123279,7890746,2118
571,Spot croaker,Aquatic foods,Fishes,59837,nucleotide,species,59837,Eukaryota,Chordata,Actinopteri,"",Sciaenidae,Leiostomus,Leiostomus xanthurus,Leiostomus xanthurus,species,40,45,positive_3,k__Eukaryota;p__Chordata;c__Actinopteri;o__;f__Sciaenidae;g__Leiostomus;s__Leiostomus xanthurus,2759;7711;186623;;30870;59836;59837,5.15235927103505e-06,8733863,5123279,7890746,2118
400,Katharina tunicata,Aquatic foods,Mollusks,34587,genbank,species,34587,Eukaryota,Mollusca,Polyplacophora,Chitonida,Mopaliidae,Katharina,Katharina tunicata,Katharina tunicata,species,168,171,positive_3,k__Eukaryota;p__Mollusca;c__Polyplacophora;o__Chitonida;f__Mopaliidae;g__Katharina;s__Katharina tunicata,2759;6447;6650;6652;34585;34586;34587,1.95789652299332e-05,8733863,5123279,7890746,2118
87,Hippophae rhamnoides,Fruits,Berries,193516,genbank,species,193516,Eukaryota,Streptophyta,Magnoliopsida,Rosales,Elaeagnaceae,Hippophae,Hippophae rhamnoides,Hippophae rhamnoides,species,534141,549620,positive_10,k__Eukaryota;p__Streptophyta;c__Magnoliopsida;o__Rosales;f__Elaeagnaceae;g__Hippophae;s__Hippophae rhamnoides,2759;35493;3398;3744;25996;48233;193516,0.0636374962196349,8636732,5605801,7891202,2413
292,Pyrus pyrifolia,Fruits,Pomes,3767,genbank,species,3767,Eukaryota,Streptophyta,Magnoliopsida,Rosales,Rosaceae,Pyrus,Pyrus pyrifolia,Pyrus pyrifolia,species,1001,2371,positive_10,k__Eukaryota;p__Streptophyta;c__Magnoliopsida;o__Rosales;f__Rosaceae;g__Pyrus;s__Pyrus pyrifolia,2759;35493;3398;3744;3745;3766;3767,0.000274525132885911,8636732,5605801,7891202,2413
129,Parsnip,Vegetables,Root vegetables,4041,nucleotide,species,4041,Eukaryota,Streptophyta,Magnoliopsida,Apiales,Apiaceae,Pastinaca,Pastinaca sativa,Pastinaca sativa,species,1853,38829,positive_10,k__Eukaryota;p__Streptophyta;c__Magnoliopsida;o__Apiales;f__Apiaceae;g__Pastinaca;s__Pastinaca sativa,2759;35493;3398;4036;4037;4040;4041,0.00449579771608057,8636732,5605801,7891202,2413
17,Arctium_lappa,Vegetables,Root vegetables,4217,genbank,species,4217,Eukaryota,Streptophyta,Magnoliopsida,Asterales,Asteraceae,Arctium,Arctium lappa,Arctium lappa,species,9930,10768,positive_10,k__Eukaryota;p__Streptophyta;c__Magnoliopsida;o__Asterales;f__Asteraceae;g__Arctium;s__Arctium lappa,2759;35493;3398;4209;4210;4216;4217,0.00124676787470076,8636732,5605801,7891202,2413
357,Freshwater_drum,Aquatic foods,Fishes,225389,nucleotide,species,225389,Eukaryota,Chordata,Actinopteri,"",Sciaenidae,Aplodinotus,Aplodinotus grunniens,Aplodinotus grunniens,species,132723,140636,positive_10,k__Eukaryota;p__Chordata;c__Actinopteri;o__;f__Sciaenidae;g__Aplodinotus;s__Aplodinotus grunniens,2759;7711;186623;;30870;225388;225389,0.0162834738880401,8636732,5605801,7891202,2413
581,Blue whiting,Aquatic foods,Fishes,81636,nucleotide,species,81636,Eukaryota,Chordata,Actinopteri,Gadiformes,Gadidae,Micromesistius,Micromesistius poutassou,Micromesistius poutassou,species,599,678,positive_10,k__Eukaryota;p__Chordata;c__Actinopteri;o__Gadiformes;f__Gadidae;g__Micromesistius;s__Micromesistius poutassou,2759;7711;186623;8043;8045;81635;81636,7.85019148446426e-05,8636732,5605801,7891202,2413
311,Bowhead whale,Aquatic foods,Cetaceans,27602,nucleotide,species,27602,Eukaryota,Chordata,Mammalia,Artiodactyla,Balaenidae,Balaena,Balaena mysticetus,Balaena mysticetus,species,39,39,positive_10,k__Eukaryota;p__Chordata;c__Mammalia;o__Artiodactyla;f__Balaenidae;g__Balaena;s__Balaena mysticetus,2759;7711;40674;91561;30558;27601;27602,4.51559687159449e-06,8636732,5605801,7891202,2413
583,Chanterelle,Vegetables,Mushrooms,36066,genbank,species,36066,Eukaryota,Basidiomycota,Agaricomycetes,Cantharellales,Cantharellaceae,Cantharellus,Cantharellus cibarius,Cantharellus cibarius,species,176,176,positive_10,k__Eukaryota;p__Basidiomycota;c__Agaricomycetes;o__Cantharellales;f__Cantharellaceae;g__Cantharellus;s__Cantharellus cibarius,2759;5204;155619;36064;57201;36065;36066,2.03780781897597e-05,8636732,5605801,7891202,2413
607,Metroxylon_sagu,Herbs and Spices,Oilseed crops,93297,genbank,species,93297,Eukaryota,Streptophyta,Magnoliopsida,Arecales,Arecaceae,Metroxylon,Metroxylon sagu,Metroxylon sagu,species,591264,599813,positive_5,k__Eukaryota;p__Streptophyta;c__Magnoliopsida;o__Arecales;f__Arecaceae;g__Metroxylon;s__Metroxylon sagu,2759;35493;3398;40551;4710;93296;93297,0.0692625831034831,8659986,5635656,7890555,3965
88,Barley,Cereals and cereal products,Cereals,4513,genbank,species,4513,Eukaryota,Streptophyta,Magnoliopsida,Poales,Poaceae,Hordeum,Hordeum vulgare,Hordeum vulgare,species,9615,10793,positive_5,k__Eukaryota;p__Streptophyta;c__Magnoliopsida;o__Poales;f__Poaceae;g__Hordeum;s__Hordeum vulgare,2759;35493;3398;38820;4479;4512;4513,0.00124630686469932,8659986,5635656,7890555,3965
49,Chicory,Vegetables,Root vegetables,13427,genbank,species,13427,Eukaryota,Streptophyta,Magnoliopsida,Asterales,Asteraceae,Cichorium,Cichorium intybus,Cichorium intybus,species,87866,112020,positive_5,k__Eukaryota;p__Streptophyta;c__Magnoliopsida;o__Asterales;f__Asteraceae;g__Cichorium;s__Cichorium intybus,2759;35493;3398;4209;4210;13426;13427,0.0129353557846398,8659986,5635656,7890555,3965
250,"",Vegetables,Leaf vegetables,13427,genbank,species,13427,Eukaryota,Streptophyta,Magnoliopsida,Asterales,Asteraceae,Cichorium,Cichorium intybus,Cichorium intybus,species,87866,112020,positive_5,k__Eukaryota;p__Streptophyta;c__Magnoliopsida;o__Asterales;f__Asteraceae;g__Cichorium;s__Cichorium intybus,2759;35493;3398;4209;4210;13426;13427,0.0129353557846398,8659986,5635656,7890555,3965
254,Chicory,Vegetables,Root vegetables,13427,genbank,species,13427,Eukaryota,Streptophyta,Magnoliopsida,Asterales,Asteraceae,Cichorium,Cichorium intybus,Cichorium intybus,species,87866,112020,positive_5,k__Eukaryota;p__Streptophyta;c__Magnoliopsida;o__Asterales;f__Asteraceae;g__Cichorium;s__Cichorium intybus,2759;35493;3398;4209;4210;13426;13427,0.0129353557846398,8659986,5635656,7890555,3965
325,Carissa macrocarpa,Fruits,Tropical fruits,403101,nucleotide,species,403101,Eukaryota,Streptophyta,Magnoliopsida,Gentianales,Apocynaceae,Carissa,Carissa macrocarpa,Carissa macrocarpa,species,709,5495,positive_5,k__Eukaryota;p__Streptophyta;c__Magnoliopsida;o__Gentianales;f__Apocynaceae;g__Carissa;s__Carissa macrocarpa,2759;35493;3398;4055;4056;84860;403101,0.000634527584686627,8659986,5635656,7890555,3965
198,Azuki bean,Pulses,Beans,3914,genbank,species,3914,Eukaryota,Streptophyta,Magnoliopsida,Fabales,Fabaceae,Vigna,Vigna angularis,Vigna angularis,species,206,540,positive_5,k__Eukaryota;p__Streptophyta;c__Magnoliopsida;o__Fabales;f__Fabaceae;g__Vigna;s__Vigna angularis,2759;35493;3398;72025;3803;3913;3914,6.23557590046912e-05,8659986,5635656,7890555,3965
326,Carob,Vegetables,Other vegetables,20340,genbank,species,20340,Eukaryota,Streptophyta,Magnoliopsida,Fabales,Fabaceae,Ceratonia,Ceratonia siliqua,Ceratonia siliqua,species,21,21,positive_5,k__Eukaryota;p__Streptophyta;c__Magnoliopsida;o__Fabales;f__Fabaceae;g__Ceratonia;s__Ceratonia siliqua,2759;35493;3398;72025;3803;20339;20340,2.42494618351577e-06,8659986,5635656,7890555,3965
427,Okra,Vegetables,Other vegetables,455045,genbank,species,455045,Eukaryota,Streptophyta,Magnoliopsida,Malvales,Malvaceae,Abelmoschus,Abelmoschus esculentus,Abelmoschus esculentus,species,144,149,positive_5,k__Eukaryota;p__Streptophyta;c__Magnoliopsida;o__Malvales;f__Malvaceae;g__Abelmoschus;s__Abelmoschus esculentus,2759;35493;3398;41938;3629;183218;455045,1.72055705401833e-05,8659986,5635656,7890555,3965
609,Pikeperch,Aquatic foods,Fishes,283035,genbank,species,283035,Eukaryota,Chordata,Actinopteri,Perciformes,Percidae,Sander,Sander lucioperca,Sander lucioperca,species,24001,36635,positive_5,k__Eukaryota;p__Chordata;c__Actinopteri;o__Perciformes;f__Percidae;g__Sander;s__Sander lucioperca,2759;7711;186623;8111;8165;283033;283035,0.00423037635395716,8659986,5635656,7890555,3965
430,Ostrich,Animal foods,Poultry,8801,genbank,species,8801,Eukaryota,Chordata,Aves,Struthioniformes,Struthionidae,Struthio,Struthio camelus,Struthio camelus,species,629989,640134,positive_16,k__Eukaryota;p__Chordata;c__Aves;o__Struthioniformes;f__Struthionidae;g__Struthio;s__Struthio camelus,2759;7711;8782;8798;8799;8800;8801,0.0732615246011058,8737656,5752608,7891451,2284
378,Guinea_hen,Animal foods,Poultry,8996,genbank,species,8996,Eukaryota,Chordata,Aves,Galliformes,Numididae,Numida,Numida meleagris,Numida meleagris,species,11,11,positive_16,k__Eukaryota;p__Chordata;c__Aves;o__Galliformes;f__Numididae;g__Numida;s__Numida meleagris,2759;7711;8782;8976;8990;8995;8996,1.25891886794353e-06,8737656,5752608,7891451,2284
350,Atlantic croaker,Aquatic foods,Fishes,29154,nucleotide,species,29154,Eukaryota,Chordata,Actinopteri,"",Sciaenidae,Micropogonias,Micropogonias undulatus,Micropogonias undulatus,species,10406,11133,positive_16,k__Eukaryota;p__Chordata;c__Actinopteri;o__;f__Sciaenidae;g__Micropogonias;s__Micropogonias undulatus,2759;7711;186623;;30870;29153;29154,0.00127414034152867,8737656,5752608,7891451,2284
565,Enokitake,Vegetables,Mushrooms,38945,genbank,species,38945,Eukaryota,Basidiomycota,Agaricomycetes,Agaricales,Physalacriaceae,Flammulina,Flammulina velutipes,Flammulina velutipes,species,170,171,positive_16,k__Eukaryota;p__Basidiomycota;c__Agaricomycetes;o__Agaricales;f__Physalacriaceae;g__Flammulina;s__Flammulina velutipes,2759;5204;155619;5338;862241;38944;38945,1.95704660380313e-05,8737656,5752608,7891451,2284
510,Wax_gourd,Gourds,Gourds,102211,genbank,species,102211,Eukaryota,Streptophyta,Magnoliopsida,Cucurbitales,Cucurbitaceae,Benincasa,Benincasa hispida,Benincasa hispida,species,148108,152516,positive_16,k__Eukaryota;p__Streptophyta;c__Magnoliopsida;o__Cucurbitales;f__Cucurbitaceae;g__Benincasa;s__Benincasa hispida,2759;35493;3398;71239;3650;102210;102211,0.0174550245512069,8737656,5752608,7891451,2284
41,Papaya,Fruits,Tropical fruits,3649,genbank,species,3649,Eukaryota,Streptophyta,Magnoliopsida,Brassicales,Caricaceae,Carica,Carica papaya,Carica papaya,species,36863,37472,positive_16,k__Eukaryota;p__Streptophyta;c__Magnoliopsida;o__Brassicales;f__Caricaceae;g__Carica;s__Carica papaya,2759;35493;3398;3699;3647;3648;3649,0.00428856434723454,8737656,5752608,7891451,2284
360,Durian,Fruits,Tropical fruits,66656,genbank,species,66656,Eukaryota,Streptophyta,Magnoliopsida,Malvales,Malvaceae,Durio,Durio zibethinus,Durio zibethinus,species,21,21,positive_16,k__Eukaryota;p__Streptophyta;c__Magnoliopsida;o__Malvales;f__Malvaceae;g__Durio;s__Durio zibethinus,2759;35493;3398;41938;3629;66655;66656,2.40339056607401e-06,8737656,5752608,7891451,2284
879,Capsicum_pubescens,Vegetables,Fruit vegetables,113210,genbank,species,113210,Eukaryota,Streptophyta,Magnoliopsida,Solanales,Solanaceae,Capsicum,Capsicum pubescens,Capsicum pubescens,species,1253,2463,positive_16,k__Eukaryota;p__Streptophyta;c__Magnoliopsida;o__Solanales;f__Solanaceae;g__Capsicum;s__Capsicum pubescens,2759;35493;3398;4069;4070;4071;113210,0.000281883379249538,8737656,5752608,7891451,2284
350,Atlantic croaker,Aquatic foods,Fishes,29154,nucleotide,species,29154,Eukaryota,Chordata,Actinopteri,"",Sciaenidae,Micropogonias,Micropogonias undulatus,Micropogonias undulatus,species,663733,710554,positive_6,k__Eukaryota;p__Chordata;c__Actinopteri;o__;f__Sciaenidae;g__Micropogonias;s__Micropogonias undulatus,2759;7711;186623;;30870;29153;29154,0.0807203089699974,8802667,5705840,7890649,2653
327,Common carp,Aquatic foods,Fishes,7962,genbank,species,7962,Eukaryota,Chordata,Actinopteri,Cypriniformes,Cyprinidae,Cyprinus,Cyprinus carpio,Cyprinus carpio,species,547,582,positive_6,k__Eukaryota;p__Chordata;c__Actinopteri;o__Cypriniformes;f__Cyprinidae;g__Cyprinus;s__Cyprinus carpio,2759;7711;186623;7952;7953;7961;7962,6.61163258816902e-05,8802667,5705840,7890649,2653
303,Bison,Animal foods,Bovines,9901,genbank,species,9901,Eukaryota,Chordata,Mammalia,Artiodactyla,Bovidae,Bison,Bison bison,Bison bison,species,137,32273,positive_6,k__Eukaryota;p__Chordata;c__Mammalia;o__Artiodactyla;f__Bovidae;g__Bison;s__Bison bison,2759;7711;40674;91561;9895;9900;9901,0.00366627523226768,8802667,5705840,7890649,2653
365,Emu,Animal foods,Poultry,8790,genbank,species,8790,Eukaryota,Chordata,Aves,Casuariiformes,Dromaiidae,Dromaius,Dromaius novaehollandiae,Dromaius novaehollandiae,species,40,42,positive_6,k__Eukaryota;p__Chordata;c__Aves;o__Casuariiformes;f__Dromaiidae;g__Dromaius;s__Dromaius novaehollandiae,2759;7711;8782;8784;8788;8789;8790,4.77128124919414e-06,8802667,5705840,7890649,2653
404,American lobster,Aquatic foods,Crustaceans,6706,genbank,species,6706,Eukaryota,Arthropoda,Malacostraca,Decapoda,Nephropidae,Homarus,Homarus americanus,Homarus americanus,species,2265,2317,positive_6,k__Eukaryota;p__Arthropoda;c__Malacostraca;o__Decapoda;f__Nephropidae;g__Homarus;s__Homarus americanus,2759;6656;6681;6683;6704;6705;6706,0.00026321568224721,8802667,5705840,7890649,2653
241,Welsh_onion,Herbs and Spices,Herbs,35875,genbank,species,35875,Eukaryota,Streptophyta,Magnoliopsida,Asparagales,Amaryllidaceae,Allium,Allium fistulosum,Allium fistulosum,species,104021,153553,positive_6,k__Eukaryota;p__Streptophyta;c__Magnoliopsida;o__Asparagales;f__Amaryllidaceae;g__Allium;s__Allium fistulosum,2759;35493;3398;73496;4668;4678;35875,0.0174439178489883,8802667,5705840,7890649,2653
206,Ginger,Herbs and Spices,Spices,94328,genbank,species,94328,Eukaryota,Streptophyta,Magnoliopsida,Zingiberales,Zingiberaceae,Zingiber,Zingiber officinale,Zingiber officinale,species,92,92,positive_6,k__Eukaryota;p__Streptophyta;c__Magnoliopsida;o__Zingiberales;f__Zingiberaceae;g__Zingiber;s__Zingiber officinale,2759;35493;3398;4618;4642;4650;94328,1.04513779744253e-05,8802667,5705840,7890649,2653
142,Purslane,Herbs and Spices,Herbs,46147,genbank,species,46147,Eukaryota,Streptophyta,Magnoliopsida,Caryophyllales,Portulacaceae,Portulaca,Portulaca oleracea,Portulaca oleracea,species,9918,9952,positive_6,k__Eukaryota;p__Streptophyta;c__Magnoliopsida;o__Caryophyllales;f__Portulacaceae;g__Portulaca;s__Portulaca oleracea,2759;35493;3398;3524;3581;3582;46147,0.00113056645219,8802667,5705840,7890649,2653
65,Cucumber,Gourds,Gourds,3659,genbank,species,3659,Eukaryota,Streptophyta,Magnoliopsida,Cucurbitales,Cucurbitaceae,Cucumis,Cucumis sativus,Cucumis sativus,species,523950,586299,positive_2,k__Eukaryota;p__Streptophyta;c__Magnoliopsida;o__Cucurbitales;f__Cucurbitaceae;g__Cucumis;s__Cucumis sativus,2759;35493;3398;71239;3650;3655;3659,0.067681900757593,8662567,5503861,7891590,2334
16,Mr. Peanut,Nuts,Nuts,3818,genbank,species,3818,Eukaryota,Streptophyta,Magnoliopsida,Fabales,Fabaceae,Arachis,Arachis hypogaea,Arachis hypogaea,species,9379,9568,positive_2,k__Eukaryota;p__Streptophyta;c__Magnoliopsida;o__Fabales;f__Fabaceae;g__Arachis;s__Arachis hypogaea,2759;35493;3398;72025;3803;3817;3818,0.00110452248161544,8662567,5503861,7891590,2334
326,Carob,Vegetables,Other vegetables,20340,genbank,species,20340,Eukaryota,Streptophyta,Magnoliopsida,Fabales,Fabaceae,Ceratonia,Ceratonia siliqua,Ceratonia siliqua,species,1219,1258,positive_2,k__Eukaryota;p__Streptophyta;c__Magnoliopsida;o__Fabales;f__Fabaceae;g__Ceratonia;s__Ceratonia siliqua,2759;35493;3398;72025;3803;20339;20340,0.000145222542001695,8662567,5503861,7891590,2334
288,Allspice,Herbs and Spices,Spices,375272,nucleotide,species,375272,Eukaryota,Streptophyta,Magnoliopsida,Myrtales,Myrtaceae,Pimenta,Pimenta dioica,Pimenta dioica,species,1315,127520,positive_2,k__Eukaryota;p__Streptophyta;c__Magnoliopsida;o__Myrtales;f__Myrtaceae;g__Pimenta;s__Pimenta dioica,2759;35493;3398;41944;3931;260138;375272,0.0147208096630017,8662567,5503861,7891590,2334
234,Rambutan,Fruits,Tropical fruits,151071,genbank,species,151071,Eukaryota,Streptophyta,Magnoliopsida,Sapindales,Sapindaceae,Nephelium,Nephelium lappaceum,Nephelium lappaceum,species,115,120,positive_2,k__Eukaryota;p__Streptophyta;c__Magnoliopsida;o__Sapindales;f__Sapindaceae;g__Nephelium;s__Nephelium lappaceum,2759;35493;3398;41937;23672;151070;151071,1.38527067092237e-05,8662567,5503861,7891590,2334
569,Maitake,Vegetables,Mushrooms,5627,genbank,species,5627,Eukaryota,Basidiomycota,Agaricomycetes,Polyporales,Grifolaceae,Grifola,Grifola frondosa,Grifola frondosa,species,43111,43155,positive_2,k__Eukaryota;p__Basidiomycota;c__Agaricomycetes;o__Polyporales;f__Grifolaceae;g__Grifola;s__Grifola frondosa,2759;5204;155619;5303;2028216;5626;5627,0.00498177965030458,8662567,5503861,7891590,2334
473,Scup,Aquatic foods,Fishes,35579,nucleotide,species,35579,Eukaryota,Chordata,Actinopteri,Spariformes,Sparidae,Stenotomus,Stenotomus chrysops,Stenotomus chrysops,species,671,679,positive_2,k__Eukaryota;p__Chordata;c__Actinopteri;o__Spariformes;f__Sparidae;g__Stenotomus;s__Stenotomus chrysops,2759;7711;186623;1489931;8169;35578;35579,7.83832321296909e-05,8662567,5503861,7891590,2334
327,Common carp,Aquatic foods,Fishes,7962,genbank,species,7962,Eukaryota,Chordata,Actinopteri,Cypriniformes,Cyprinidae,Cyprinus,Cyprinus carpio,Cyprinus carpio,species,10,10,positive_2,k__Eukaryota;p__Chordata;c__Actinopteri;o__Cypriniformes;f__Cyprinidae;g__Cyprinus;s__Cyprinus carpio,2759;7711;186623;7952;7953;7961;7962,1.15439222576864e-06,8662567,5503861,7891590,2334
541,Domestic_goat,Animal foods,Caprae,9925,genbank,species,9925,Eukaryota,Chordata,Mammalia,Artiodactyla,Bovidae,Capra,Capra hircus,Capra hircus,species,187222,633937,positive_14,k__Eukaryota;p__Chordata;c__Mammalia;o__Artiodactyla;f__Bovidae;g__Capra;s__Capra hircus,2759;7711;40674;91561;9895;9922;9925,0.0724917312334104,8744956,5328339,7889524,2654
483,Sheep,Animal foods,Ovis,9940,genbank,species,9940,Eukaryota,Chordata,Mammalia,Artiodactyla,Bovidae,Ovis,Ovis aries,Ovis aries,species,17,52,positive_14,k__Eukaryota;p__Chordata;c__Mammalia;o__Artiodactyla;f__Bovidae;g__Ovis;s__Ovis aries,2759;7711;40674;91561;9895;9935;9940,5.94628492127348e-06,8744956,5328339,7889524,2654
603,Norway_lobster,Aquatic foods,Crustaceans,6829,nucleotide,species,6829,Eukaryota,Arthropoda,Malacostraca,Decapoda,Nephropidae,Nephrops,Nephrops norvegicus,Nephrops norvegicus,species,8036,8479,positive_14,k__Eukaryota;p__Arthropoda;c__Malacostraca;o__Decapoda;f__Nephropidae;g__Nephrops;s__Nephrops norvegicus,2759;6656;6681;6683;6704;6828;6829,0.000969587497066881,8744956,5328339,7889524,2654
569,Maitake,Vegetables,Mushrooms,5627,genbank,species,5627,Eukaryota,Basidiomycota,Agaricomycetes,Polyporales,Grifolaceae,Grifola,Grifola frondosa,Grifola frondosa,species,42932,42986,positive_14,k__Eukaryota;p__Basidiomycota;c__Agaricomycetes;o__Polyporales;f__Grifolaceae;g__Grifola;s__Grifola frondosa,2759;5204;155619;5303;2028216;5626;5627,0.00491551930049734,8744956,5328339,7889524,2654
197,Broad_bean,Pulses,Beans,3906,genbank,species,3906,Eukaryota,Streptophyta,Magnoliopsida,Fabales,Fabaceae,Vicia,Vicia faba,Vicia faba,species,162191,164522,positive_14,k__Eukaryota;p__Streptophyta;c__Magnoliopsida;o__Fabales;f__Fabaceae;g__Vicia;s__Vicia faba,2759;35493;3398;72025;3803;3904;3906,0.0188133593811107,8744956,5328339,7889524,2654
479,Sesbania_bispinosa,Vegetables,Other vegetables,485725,genbank,species,485725,Eukaryota,Streptophyta,Magnoliopsida,Fabales,Fabaceae,Sesbania,Sesbania bispinosa,Sesbania bispinosa,species,164,165,positive_14,k__Eukaryota;p__Streptophyta;c__Magnoliopsida;o__Fabales;f__Fabaceae;g__Sesbania;s__Sesbania bispinosa,2759;35493;3398;72025;3803;3894;485725,1.88680194617331e-05,8744956,5328339,7889524,2654
81,Ficus_carica,Fruits,Other fruits,3494,genbank,species,3494,Eukaryota,Streptophyta,Magnoliopsida,Rosales,Moraceae,Ficus,Ficus carica,Ficus carica,species,1880,1926,positive_14,k__Eukaryota;p__Streptophyta;c__Magnoliopsida;o__Rosales;f__Moraceae;g__Ficus;s__Ficus carica,2759;35493;3398;3744;3487;3493;3494,0.000220241245353321,8744956,5328339,7889524,2654
106,Mango,Fruits,Tropical fruits,29780,genbank,species,29780,Eukaryota,Streptophyta,Magnoliopsida,Sapindales,Anacardiaceae,Mangifera,Mangifera indica,Mangifera indica,species,37,37,positive_14,k__Eukaryota;p__Streptophyta;c__Magnoliopsida;o__Sapindales;f__Anacardiaceae;g__Mangifera;s__Mangifera indica,2759;35493;3398;41937;4011;23461;29780,4.23101042475228e-06,8744956,5328339,7889524,2654
70,Cymbopogon citratus,Herbs and Spices,Herbs,66014,genbank,species,66014,Eukaryota,Streptophyta,Magnoliopsida,Poales,Poaceae,Cymbopogon,Cymbopogon citratus,Cymbopogon citratus,species,674,674,positive_14,k__Eukaryota;p__Streptophyta;c__Magnoliopsida;o__Poales;f__Poaceae;g__Cymbopogon;s__Cymbopogon citratus,2759;35493;3398;38820;4479;66013;66014,7.70730007103524e-05,8744956,5328339,7889524,2654
483,Sheep,Animal foods,Ovis,9940,genbank,species,9940,Eukaryota,Chordata,Mammalia,Artiodactyla,Bovidae,Ovis,Ovis aries,Ovis aries,species,230478,644519,positive_13,k__Eukaryota;p__Chordata;c__Mammalia;o__Artiodactyla;f__Bovidae;g__Ovis;s__Ovis aries,2759;7711;40674;91561;9895;9935;9940,0.0736571592876826,8750256,5289267,7890759,2034
309,Bluefish,Aquatic foods,Fishes,75034,nucleotide,species,75034,Eukaryota,Chordata,Actinopteri,Scombriformes,Pomatomidae,Pomatomus,Pomatomus saltatrix,Pomatomus saltatrix,species,44,44,positive_13,k__Eukaryota;p__Chordata;c__Actinopteri;o__Scombriformes;f__Pomatomidae;g__Pomatomus;s__Pomatomus saltatrix,2759;7711;186623;1489894;30864;75033;75034,5.02842431124301e-06,8750256,5289267,7890759,2034
425,Enteroctopus dofleini,Aquatic foods,Mollusks,267067,genbank,species,267067,Eukaryota,Mollusca,Cephalopoda,Octopoda,Octopodidae,Enteroctopus,Enteroctopus dofleini,Enteroctopus dofleini,species,9468,9606,positive_13,k__Eukaryota;p__Mollusca;c__Cephalopoda;o__Octopoda;f__Octopodidae;g__Enteroctopus;s__Enteroctopus dofleini,2759;6447;6605;6638;6647;267066;267067,0.00109779645304092,8750256,5289267,7890759,2034
879,Capsicum_pubescens,Vegetables,Fruit vegetables,113210,genbank,species,113210,Eukaryota,Streptophyta,Magnoliopsida,Solanales,Solanaceae,Capsicum,Capsicum pubescens,Capsicum pubescens,species,78998,157357,positive_13,k__Eukaryota;p__Streptophyta;c__Magnoliopsida;o__Solanales;f__Solanaceae;g__Capsicum;s__Capsicum pubescens,2759;35493;3398;4069;4070;4071;113210,0.0179831310078242,8750256,5289267,7890759,2034
47,Chickpea,Pulses,Peas,3827,genbank,species,3827,Eukaryota,Streptophyta,Magnoliopsida,Fabales,Fabaceae,Cicer,Cicer arietinum,Cicer arietinum,species,2025,2088,positive_13,k__Eukaryota;p__Streptophyta;c__Magnoliopsida;o__Fabales;f__Fabaceae;g__Cicer;s__Cicer arietinum,2759;35493;3398;72025;3803;3826;3827,0.000238621590042623,8750256,5289267,7890759,2034
200,Mung bean,Pulses,Beans,157791,genbank,species,157791,Eukaryota,Streptophyta,Magnoliopsida,Fabales,Fabaceae,Vigna,Vigna radiata,Vigna radiata,species,352,496,positive_13,k__Eukaryota;p__Streptophyta;c__Magnoliopsida;o__Fabales;f__Fabaceae;g__Vigna;s__Vigna radiata,2759;35493;3398;72025;3803;3913;157791,5.66840558721939e-05,8750256,5289267,7890759,2034
298,Bamboo_shoots,Vegetables,Shoot vegetables,38705,genbank,species,38705,Eukaryota,Streptophyta,Magnoliopsida,Poales,Poaceae,Phyllostachys,Phyllostachys edulis,Phyllostachys edulis,species,43092,43188,positive_13,k__Eukaryota;p__Streptophyta;c__Magnoliopsida;o__Poales;f__Poaceae;g__Phyllostachys;s__Phyllostachys edulis,2759;35493;3398;38820;4479;15747;38705,0.00493562702622643,8750256,5289267,7890759,2034
88,Barley,Cereals and cereal products,Cereals,4513,genbank,species,4513,Eukaryota,Streptophyta,Magnoliopsida,Poales,Poaceae,Hordeum,Hordeum vulgare,Hordeum vulgare,species,152,165,positive_13,k__Eukaryota;p__Streptophyta;c__Magnoliopsida;o__Poales;f__Poaceae;g__Hordeum;s__Hordeum vulgare,2759;35493;3398;38820;4479;4512;4513,1.88565911671613e-05,8750256,5289267,7890759,2034
76,Loquat,Fruits,Tropical fruits,32224,nucleotide,species,32224,Eukaryota,Streptophyta,Magnoliopsida,Rosales,Rosaceae,Eriobotrya,Eriobotrya japonica,Eriobotrya japonica,species,4960,599951,positive_9,k__Eukaryota;p__Streptophyta;c__Magnoliopsida;o__Rosales;f__Rosaceae;g__Eriobotrya;s__Eriobotrya japonica,2759;35493;3398;3744;3745;23166;32224,0.0688500336417263,8713881,5044651,7891347,1838
98,Lentils,Pulses,Lentils,3864,nucleotide,species,3864,Eukaryota,Streptophyta,Magnoliopsida,Fabales,Fabaceae,Lens,Lens culinaris,Lens culinaris,species,54381,162050,positive_9,k__Eukaryota;p__Streptophyta;c__Magnoliopsida;o__Fabales;f__Fabaceae;g__Lens;s__Lens culinaris,2759;35493;3398;72025;3803;3863;3864,0.0185967653219042,8713881,5044651,7891347,1838
47,Chickpea,Pulses,Peas,3827,genbank,species,3827,Eukaryota,Streptophyta,Magnoliopsida,Fabales,Fabaceae,Cicer,Cicer arietinum,Cicer arietinum,species,501,533,positive_9,k__Eukaryota;p__Streptophyta;c__Magnoliopsida;o__Fabales;f__Fabaceae;g__Cicer;s__Cicer arietinum,2759;35493;3398;72025;3803;3826;3827,6.11667751717059e-05,8713881,5044651,7891347,1838
85,Soybean,Soy,Soy,3847,genbank,species,3847,Eukaryota,Streptophyta,Magnoliopsida,Fabales,Fabaceae,Glycine,Glycine max,Glycine max,species,34,37,positive_9,k__Eukaryota;p__Streptophyta;c__Magnoliopsida;o__Fabales;f__Fabaceae;g__Glycine;s__Glycine max,2759;35493;3398;72025;3803;3846;3847,4.24609883931167e-06,8713881,5044651,7891347,1838
328,Cassava,Vegetables,Tubers,3983,genbank,species,3983,Eukaryota,Streptophyta,Magnoliopsida,Malpighiales,Euphorbiaceae,Manihot,Manihot esculenta,Manihot esculenta,species,2303,2569,positive_9,k__Eukaryota;p__Streptophyta;c__Magnoliopsida;o__Malpighiales;f__Euphorbiaceae;g__Manihot;s__Manihot esculenta,2759;35493;3398;3646;3977;3982;3983,0.000294816970761937,8713881,5044651,7891347,1838
46,Chamaemelum nobile,Herbs and Spices,Herbs,99037,nucleotide,species,99037,Eukaryota,Streptophyta,Magnoliopsida,Asterales,Asteraceae,Chamaemelum,Chamaemelum nobile,Chamaemelum nobile,species,25,408,positive_9,k__Eukaryota;p__Streptophyta;c__Magnoliopsida;o__Asterales;f__Asteraceae;g__Chamaemelum;s__Chamaemelum nobile,2759;35493;3398;4209;4210;99036;99037,4.68218466605179e-05,8713881,5044651,7891347,1838
565,Enokitake,Vegetables,Mushrooms,38945,genbank,species,38945,Eukaryota,Basidiomycota,Agaricomycetes,Agaricales,Physalacriaceae,Flammulina,Flammulina velutipes,Flammulina velutipes,species,44633,44830,positive_9,k__Eukaryota;p__Basidiomycota;c__Agaricomycetes;o__Agaricales;f__Physalacriaceae;g__Flammulina;s__Flammulina velutipes,2759;5204;155619;5338;862241;38944;38945,0.00514466516125249,8713881,5044651,7891347,1838
311,Bowhead whale,Aquatic foods,Cetaceans,27602,nucleotide,species,27602,Eukaryota,Chordata,Mammalia,Artiodactyla,Balaenidae,Balaena,Balaena mysticetus,Balaena mysticetus,species,9761,10318,positive_9,k__Eukaryota;p__Chordata;c__Mammalia;o__Artiodactyla;f__Balaenidae;g__Balaena;s__Balaena mysticetus,2759;7711;40674;91561;30558;27601;27602,0.00118408777902751,8713881,5044651,7891347,1838
338,Garland chrysanthemum,Vegetables,Leaf vegetables,99038,genbank,species,99038,Eukaryota,Streptophyta,Magnoliopsida,Asterales,Asteraceae,Glebionis,Glebionis coronaria,Glebionis coronaria,species,670470,674224,positive_12,k__Eukaryota;p__Streptophyta;c__Magnoliopsida;o__Asterales;f__Asteraceae;g__Glebionis;s__Glebionis coronaria,2759;35493;3398;4209;4210;1478145;99038,0.0767458897675941,8785148,5806639,7891304,2445
85,Soybean,Soy,Soy,3847,genbank,species,3847,Eukaryota,Streptophyta,Magnoliopsida,Fabales,Fabaceae,Glycine,Glycine max,Glycine max,species,8921,9348,positive_12,k__Eukaryota;p__Streptophyta;c__Magnoliopsida;o__Fabales;f__Fabaceae;g__Glycine;s__Glycine max,2759;35493;3398;72025;3803;3846;3847,0.00106406858484342,8785148,5806639,7891304,2445
292,Pyrus pyrifolia,Fruits,Pomes,3767,genbank,species,3767,Eukaryota,Streptophyta,Magnoliopsida,Rosales,Rosaceae,Pyrus,Pyrus pyrifolia,Pyrus pyrifolia,species,1006,2330,positive_12,k__Eukaryota;p__Streptophyta;c__Magnoliopsida;o__Rosales;f__Rosaceae;g__Pyrus;s__Pyrus pyrifolia,2759;35493;3398;3744;3745;3766;3767,0.000265220346885448,8785148,5806639,7891304,2445
499,Taro,Vegetables,Root vegetables,4460,genbank,species,4460,Eukaryota,Streptophyta,Magnoliopsida,Alismatales,Araceae,Colocasia,Colocasia esculenta,Colocasia esculenta,species,42356,42415,positive_12,k__Eukaryota;p__Streptophyta;c__Magnoliopsida;o__Alismatales;f__Araceae;g__Colocasia;s__Colocasia esculenta,2759;35493;3398;16360;4454;4459;4460,0.00482803476959068,8785148,5806639,7891304,2445
476,Bearded_seal,Aquatic foods,Pinnipeds,39304,nucleotide,species,39304,Eukaryota,Chordata,Mammalia,Carnivora,Phocidae,Erignathus,Erignathus barbatus,Erignathus barbatus,species,160111,163039,positive_12,k__Eukaryota;p__Chordata;c__Mammalia;o__Carnivora;f__Phocidae;g__Erignathus;s__Erignathus barbatus,2759;7711;40674;33554;9709;39182;39304,0.0185584807450028,8785148,5806639,7891304,2445
439,Northern_pike,Aquatic foods,Fishes,8010,genbank,species,8010,Eukaryota,Chordata,Actinopteri,Esociformes,Esocidae,Esox,Esox lucius,Esox lucius,species,39,43,positive_12,k__Eukaryota;p__Chordata;c__Actinopteri;o__Esociformes;f__Esocidae;g__Esox;s__Esox lucius,2759;7711;186623;8007;8008;8009;8010,4.89462442749969e-06,8785148,5806639,7891304,2445
234,Rambutan,Fruits,Tropical fruits,151071,genbank,species,151071,Eukaryota,Streptophyta,Magnoliopsida,Sapindales,Sapindaceae,Nephelium,Nephelium lappaceum,Nephelium lappaceum,species,507023,536948,positive_1,k__Eukaryota;p__Streptophyta;c__Magnoliopsida;o__Sapindales;f__Sapindaceae;g__Nephelium;s__Nephelium lappaceum,2759;35493;3398;41937;23672;151070;151071,0.0622338794875465,8627905,5606773,7890603,3298
65,Cucumber,Gourds,Gourds,3659,genbank,species,3659,Eukaryota,Streptophyta,Magnoliopsida,Cucurbitales,Cucurbitaceae,Cucumis,Cucumis sativus,Cucumis sativus,species,131345,145457,positive_1,k__Eukaryota;p__Streptophyta;c__Magnoliopsida;o__Cucurbitales;f__Cucurbitaceae;g__Cucumis;s__Cucumis sativus,2759;35493;3398;71239;3650;3655;3659,0.0168589014366755,8627905,5606773,7890603,3298
916,Amelanchier alnifolia,Fruits,Berries,32219,nucleotide,species,32219,Eukaryota,Streptophyta,Magnoliopsida,Rosales,Rosaceae,Amelanchier,Amelanchier alnifolia,Amelanchier alnifolia,species,19,7334,positive_1,k__Eukaryota;p__Streptophyta;c__Magnoliopsida;o__Rosales;f__Rosaceae;g__Amelanchier;s__Amelanchier alnifolia,2759;35493;3398;3744;3745;23139;32219,0.000850032539764868,8627905,5606773,7890603,3298
801,Camellia_oleifera,Herbs and Spices,Oilseed crops,385388,genbank,species,385388,Eukaryota,Streptophyta,Magnoliopsida,Ericales,Theaceae,Camellia,Camellia oleifera,Camellia oleifera,species,88,148,positive_1,k__Eukaryota;p__Streptophyta;c__Magnoliopsida;o__Ericales;f__Theaceae;g__Camellia;s__Camellia oleifera,2759;35493;3398;41945;27065;4441;385388,1.7153642744096e-05,8627905,5606773,7890603,3298
196,Verbena officinalis,Herbs and Spices,Herbs,79772,genbank,species,79772,Eukaryota,Streptophyta,Magnoliopsida,Lamiales,Verbenaceae,Verbena,Verbena officinalis,Verbena officinalis,species,40,42,positive_1,k__Eukaryota;p__Streptophyta;c__Magnoliopsida;o__Lamiales;f__Verbenaceae;g__Verbena;s__Verbena officinalis,2759;35493;3398;4143;21910;22002;79772,4.86792564359482e-06,8627905,5606773,7890603,3298
361,Eastern oyster,Aquatic foods,Mollusks,6565,genbank,species,6565,Eukaryota,Mollusca,Bivalvia,Ostreida,Ostreidae,Crassostrea,Crassostrea virginica,Crassostrea virginica,species,41068,41242,positive_1,k__Eukaryota;p__Mollusca;c__Bivalvia;o__Ostreida;f__Ostreidae;g__Crassostrea;s__Crassostrea virginica,2759;6447;6544;6562;6563;6564;6565,0.00478007117602709,8627905,5606773,7890603,3298
344,Common octopus,Aquatic foods,Mollusks,6645,genbank,species,6645,Eukaryota,Mollusca,Cephalopoda,Octopoda,Octopodidae,Octopus,Octopus vulgaris,Octopus vulgaris,species,1939,2114,positive_1,k__Eukaryota;p__Mollusca;c__Cephalopoda;o__Octopoda;f__Octopodidae;g__Octopus;s__Octopus vulgaris,2759;6447;6605;6638;6647;6643;6645,0.000245018924060939,8627905,5606773,7890603,3298
400,Katharina tunicata,Aquatic foods,Mollusks,34587,genbank,species,34587,Eukaryota,Mollusca,Polyplacophora,Chitonida,Mopaliidae,Katharina,Katharina tunicata,Katharina tunicata,species,698,719,positive_1,k__Eukaryota;p__Mollusca;c__Polyplacophora;o__Chitonida;f__Mopaliidae;g__Katharina;s__Katharina tunicata,2759;6447;6650;6652;34585;34586;34587,8.33342508986828e-05,8627905,5606773,7890603,3298
68,Turmeric,Herbs and Spices,Spices,136217,genbank,species,136217,Eukaryota,Streptophyta,Magnoliopsida,Zingiberales,Zingiberaceae,Curcuma,Curcuma longa,Curcuma longa,species,559990,572554,positive_11,k__Eukaryota;p__Streptophyta;c__Magnoliopsida;o__Zingiberales;f__Zingiberaceae;g__Curcuma;s__Curcuma longa,2759;35493;3398;4618;4642;99568;136217,0.0660022414437462,8674766,5684374,7890955,2704
177,Sorghum,Cereals and cereal products,Cereals,4558,genbank,species,4558,Eukaryota,Streptophyta,Magnoliopsida,Poales,Poaceae,Sorghum,Sorghum bicolor,Sorghum bicolor,species,10411,10725,positive_11,k__Eukaryota;p__Streptophyta;c__Magnoliopsida;o__Poales;f__Poaceae;g__Sorghum;s__Sorghum bicolor,2759;35493;3398;38820;4479;4557;4558,0.0012363445884304,8674766,5684374,7890955,2704
510,Wax_gourd,Gourds,Gourds,102211,genbank,species,102211,Eukaryota,Streptophyta,Magnoliopsida,Cucurbitales,Cucurbitaceae,Benincasa,Benincasa hispida,Benincasa hispida,species,2301,2373,positive_11,k__Eukaryota;p__Streptophyta;c__Magnoliopsida;o__Cucurbitales;f__Cucurbitaceae;g__Benincasa;s__Benincasa hispida,2759;35493;3398;71239;3650;102210;102211,0.000273552047398166,8674766,5684374,7890955,2704
101,Flax,Herbs and Spices,Oilseed crops,4006,genbank,species,4006,Eukaryota,Streptophyta,Magnoliopsida,Malpighiales,Linaceae,Linum,Linum usitatissimum,Linum usitatissimum,species,613,615,positive_11,k__Eukaryota;p__Streptophyta;c__Magnoliopsida;o__Malpighiales;f__Linaceae;g__Linum;s__Linum usitatissimum,2759;35493;3398;3646;4004;4005;4006,7.0895284091813e-05,8674766,5684374,7890955,2704
345,Valerianella locusta,Vegetables,Leaf vegetables,59166,nucleotide,species,59166,Eukaryota,Streptophyta,Magnoliopsida,Dipsacales,Caprifoliaceae,Valerianella,Valerianella locusta,Valerianella locusta,species,27,62,positive_11,k__Eukaryota;p__Streptophyta;c__Magnoliopsida;o__Dipsacales;f__Caprifoliaceae;g__Valerianella;s__Valerianella locusta,2759;35493;3398;4199;4200;59165;59166,7.14716685153236e-06,8674766,5684374,7890955,2704
299,Striped bass,Aquatic foods,Fishes,34816,genbank,species,34816,Eukaryota,Chordata,Actinopteri,"",Moronidae,Morone,Morone saxatilis,Morone saxatilis,species,152240,159389,positive_11,k__Eukaryota;p__Chordata;c__Actinopteri;o__;f__Moronidae;g__Morone;s__Morone saxatilis,2759;7711;186623;;42148;34815;34816,0.0183738673757886,8674766,5684374,7890955,2704
413,Milkfish,Aquatic foods,Fishes,29144,genbank,species,29144,Eukaryota,Chordata,Actinopteri,Gonorynchiformes,Chanidae,Chanos,Chanos chanos,Chanos chanos,species,34994,35226,positive_11,k__Eukaryota;p__Chordata;c__Actinopteri;o__Gonorynchiformes;f__Chanidae;g__Chanos;s__Chanos chanos,2759;7711;186623;29140;29142;29143;29144,0.0040607435405174,8674766,5684374,7890955,2704
361,Eastern oyster,Aquatic foods,Mollusks,6565,genbank,species,6565,Eukaryota,Mollusca,Bivalvia,Ostreida,Ostreidae,Crassostrea,Crassostrea virginica,Crassostrea virginica,species,163,163,positive_11,k__Eukaryota;p__Mollusca;c__Bivalvia;o__Ostreida;f__Ostreidae;g__Crassostrea;s__Crassostrea virginica,2759;6447;6544;6562;6563;6564;6565,1.8790132206448e-05,8674766,5684374,7890955,2704
329,Channel_catfish,Aquatic foods,Fishes,7998,genbank,species,7998,Eukaryota,Chordata,Actinopteri,Siluriformes,Ictaluridae,Ictalurus,Ictalurus punctatus,Ictalurus punctatus,species,577932,613884,positive_7,k__Eukaryota;p__Chordata;c__Actinopteri;o__Siluriformes;f__Ictaluridae;g__Ictalurus;s__Ictalurus punctatus,2759;7711;186623;7995;7996;7997;7998,0.0707074511516723,8682027,5642051,7892198,9455
482,Stenodus leucichthys,Aquatic foods,Fishes,59296,nucleotide,species,59296,Eukaryota,Chordata,Actinopteri,Salmoniformes,Salmonidae,Stenodus,Stenodus leucichthys,Stenodus leucichthys,species,8999,10933,positive_7,k__Eukaryota;p__Chordata;c__Actinopteri;o__Salmoniformes;f__Salmonidae;g__Stenodus;s__Stenodus leucichthys,2759;7711;186623;8006;8015;59295;59296,0.00125926814095372,8682027,5642051,7892198,9455
359,Dungeness crab,Aquatic foods,Crustaceans,29965,genbank,species,29965,Eukaryota,Arthropoda,Malacostraca,Decapoda,Cancridae,Metacarcinus,Metacarcinus magister,Metacarcinus magister,species,99085,118394,positive_7,k__Eukaryota;p__Arthropoda;c__Malacostraca;o__Decapoda;f__Cancridae;g__Metacarcinus;s__Metacarcinus magister,2759;6656;6681;6683;6753;555451;29965,0.0136366772413861,8682027,5642051,7892198,9455
565,Enokitake,Vegetables,Mushrooms,38945,genbank,species,38945,Eukaryota,Basidiomycota,Agaricomycetes,Agaricales,Physalacriaceae,Flammulina,Flammulina velutipes,Flammulina velutipes,species,175,187,positive_7,k__Eukaryota;p__Basidiomycota;c__Agaricomycetes;o__Agaricales;f__Physalacriaceae;g__Flammulina;s__Flammulina velutipes,2759;5204;155619;5338;862241;38944;38945,2.15387489580486e-05,8682027,5642051,7892198,9455
322,Calabash,Gourds,Gourds,3668,genbank,species,3668,Eukaryota,Streptophyta,Magnoliopsida,Cucurbitales,Cucurbitaceae,Lagenaria,Lagenaria siceraria,Lagenaria siceraria,species,28916,33170,positive_7,k__Eukaryota;p__Streptophyta;c__Magnoliopsida;o__Cucurbitales;f__Cucurbitaceae;g__Lagenaria;s__Lagenaria siceraria,2759;35493;3398;71239;3650;3667;3668,0.00382053637935012,8682027,5642051,7892198,9455
148,Prunus_dulcis,Nuts,Nuts,3755,genbank,species,3755,Eukaryota,Streptophyta,Magnoliopsida,Rosales,Rosaceae,Prunus,Prunus dulcis,Prunus dulcis,species,983,3142,positive_7,k__Eukaryota;p__Streptophyta;c__Magnoliopsida;o__Rosales;f__Rosaceae;g__Prunus;s__Prunus dulcis,2759;35493;3398;3744;3745;3754;3755,0.000361897054685501,8682027,5642051,7892198,9455
98,Lentils,Pulses,Lentils,3864,nucleotide,species,3864,Eukaryota,Streptophyta,Magnoliopsida,Fabales,Fabaceae,Lens,Lens culinaris,Lens culinaris,species,227,664,positive_7,k__Eukaryota;p__Streptophyta;c__Magnoliopsida;o__Fabales;f__Fabaceae;g__Lens;s__Lens culinaris,2759;35493;3398;72025;3803;3863;3864,7.64798358724293e-05,8682027,5642051,7892198,9455
427,Okra,Vegetables,Other vegetables,455045,genbank,species,455045,Eukaryota,Streptophyta,Magnoliopsida,Malvales,Malvaceae,Abelmoschus,Abelmoschus esculentus,Abelmoschus esculentus,species,564453,576545,positive_8,k__Eukaryota;p__Streptophyta;c__Magnoliopsida;o__Malvales;f__Malvaceae;g__Abelmoschus;s__Abelmoschus esculentus,2759;35493;3398;41938;3629;183218;455045,0.0663213013374806,8693210,5569116,7893086,1722
103,Lichee,Fruits,Tropical fruits,151069,genbank,species,151069,Eukaryota,Streptophyta,Magnoliopsida,Sapindales,Sapindaceae,Litchi,Litchi chinensis,Litchi chinensis,species,2058,2171,positive_8,k__Eukaryota;p__Streptophyta;c__Magnoliopsida;o__Sapindales;f__Sapindaceae;g__Litchi;s__Litchi chinensis,2759;35493;3398;41937;23672;151068;151069,0.000249735138113539,8693210,5569116,7893086,1722
107,Matricaria chamomilla,Herbs and Spices,Herbs,127986,nucleotide,species,98504,Eukaryota,Streptophyta,Magnoliopsida,Asterales,Asteraceae,Matricaria,Matricaria chamomilla,Matricaria chamomilla,species,3993,33004,positive_8,k__Eukaryota;p__Streptophyta;c__Magnoliopsida;o__Asterales;f__Asteraceae;g__Matricaria;s__Matricaria chamomilla,2759;35493;3398;4209;4210;56016;98504,0.00379652625439855,8693210,5569116,7893086,1722
4,Kiwifruit,Fruits,Tropical fruits,3625,genbank,species,3625,Eukaryota,Streptophyta,Magnoliopsida,Ericales,Actinidiaceae,Actinidia,Actinidia chinensis,Actinidia chinensis,species,38,38,positive_8,k__Eukaryota;p__Streptophyta;c__Magnoliopsida;o__Ericales;f__Actinidiaceae;g__Actinidia;s__Actinidia chinensis,2759;35493;3398;41945;3623;3624;3625,4.37122765928811e-06,8693210,5569116,7893086,1722
118,Nutmeg,Herbs and Spices,Spices,51089,nucleotide,species,51089,Eukaryota,Streptophyta,Magnoliopsida,Magnoliales,Myristicaceae,Myristica,Myristica fragrans,Myristica fragrans,species,61784,174781,positive_8,k__Eukaryota;p__Streptophyta;c__Magnoliopsida;o__Magnoliales;f__Myristicaceae;g__Myristica;s__Myristica fragrans,2759;35493;3398;3400;22274;51088;51089,0.0201054616188957,8693210,5569116,7893086,1722
581,Blue whiting,Aquatic foods,Fishes,81636,nucleotide,species,81636,Eukaryota,Chordata,Actinopteri,Gadiformes,Gadidae,Micromesistius,Micromesistius poutassou,Micromesistius poutassou,species,9756,11006,positive_8,k__Eukaryota;p__Chordata;c__Actinopteri;o__Gadiformes;f__Gadidae;g__Micromesistius;s__Micromesistius poutassou,2759;7711;186623;8043;8045;81635;81636,0.00126604556889803,8693210,5569116,7893086,1722
562,Shiitake,Vegetables,Mushrooms,5353,genbank,species,5353,Eukaryota,Basidiomycota,Agaricomycetes,Agaricales,Omphalotaceae,Lentinula,Lentinula edodes,Lentinula edodes,species,696,702,positive_8,k__Eukaryota;p__Basidiomycota;c__Agaricomycetes;o__Agaricales;f__Omphalotaceae;g__Lentinula;s__Lentinula edodes,2759;5204;155619;5338;72117;5352;5353,8.07526793900067e-05,8693210,5569116,7893086,1722
387,Chondrus_crispus,Aquatic foods,Seaweed,2769,genbank,species,2769,Eukaryota,Rhodophyta,Florideophyceae,Gigartinales,Gigartinaceae,Chondrus,Chondrus crispus,Chondrus crispus,species,153,155,positive_8,k__Eukaryota;p__Rhodophyta;c__Florideophyceae;o__Gigartinales;f__Gigartinaceae;g__Chondrus;s__Chondrus crispus,2759;2763;2806;28017;29217;2768;2769,1.78300075576226e-05,8693210,5569116,7893086,1722
86,Sunflower,Herbs and Spices,Oilseed crops,4232,genbank,species,4232,Eukaryota,Streptophyta,Magnoliopsida,Asterales,Asteraceae,Helianthus,Helianthus annuus,Helianthus annuus,species,288581,619907,positive_4,k__Eukaryota;p__Streptophyta;c__Magnoliopsida;o__Asterales;f__Asteraceae;g__Helianthus;s__Helianthus annuus,2759;35493;3398;4209;4210;4231;4232,0.071075360701376,8721827,5418480,7892727,2664
392,Jerusalem artichoke,Vegetables,Tubers,4233,genbank,species,4233,Eukaryota,Streptophyta,Magnoliopsida,Asterales,Asteraceae,Helianthus,Helianthus tuberosus,Helianthus tuberosus,species,80,143,positive_4,k__Eukaryota;p__Streptophyta;c__Magnoliopsida;o__Asterales;f__Asteraceae;g__Helianthus;s__Helianthus tuberosus,2759;35493;3398;4209;4210;4231;4233,1.63956473798437e-05,8721827,5418480,7892727,2664
16,Mr. Peanut,Nuts,Nuts,3818,genbank,species,3818,Eukaryota,Streptophyta,Magnoliopsida,Fabales,Fabaceae,Arachis,Arachis hypogaea,Arachis hypogaea,species,150412,151755,positive_4,k__Eukaryota;p__Streptophyta;c__Magnoliopsida;o__Fabales;f__Fabaceae;g__Arachis;s__Arachis hypogaea,2759;35493;3398;72025;3803;3817;3818,0.0173994508260712,8721827,5418480,7892727,2664
99,Garden cress,Vegetables,Leaf vegetables,33125,genbank,species,33125,Eukaryota,Streptophyta,Magnoliopsida,Brassicales,Brassicaceae,Lepidium,Lepidium sativum,Lepidium sativum,species,39743,40950,positive_4,k__Eukaryota;p__Streptophyta;c__Magnoliopsida;o__Brassicales;f__Brassicaceae;g__Lepidium;s__Lepidium sativum,2759;35493;3398;3699;3700;19205;33125,0.00469511720422797,8721827,5418480,7892727,2664
281,Crateva religiosa,Fruits,Tropical fruits,202634,nucleotide,species,202634,Eukaryota,Streptophyta,Magnoliopsida,Brassicales,Capparaceae,Crateva,Crateva religiosa,Crateva religiosa,species,77,444,positive_4,k__Eukaryota;p__Streptophyta;c__Magnoliopsida;o__Brassicales;f__Capparaceae;g__Crateva;s__Crateva religiosa,2759;35493;3398;3699;301453;190805;202634,5.09067652912629e-05,8721827,5418480,7892727,2664
11,Cashew_nut,Nuts,Nuts,171929,genbank,species,171929,Eukaryota,Streptophyta,Magnoliopsida,Sapindales,Anacardiaceae,Anacardium,Anacardium occidentale,Anacardium occidentale,species,137,137,positive_4,k__Eukaryota;p__Streptophyta;c__Magnoliopsida;o__Sapindales;f__Anacardiaceae;g__Anacardium;s__Anacardium occidentale,2759;35493;3398;41937;4011;171928;171929,1.5707718119151e-05,8721827,5418480,7892727,2664
500,Teff,Herbs and Spices,Herbs,110835,genbank,species,110835,Eukaryota,Streptophyta,Magnoliopsida,Poales,Poaceae,Eragrostis,Eragrostis tef,Eragrostis tef,species,2683,2700,positive_4,k__Eukaryota;p__Streptophyta;c__Magnoliopsida;o__Poales;f__Poaceae;g__Eragrostis;s__Eragrostis tef,2759;35493;3398;38820;4479;38413;110835,0.000309568167311734,8721827,5418480,7892727,2664
383,Horse,Animal foods,Equines,9796,genbank,species,9796,Eukaryota,Chordata,Mammalia,Perissodactyla,Equidae,Equus,Equus caballus,Equus caballus,species,10040,10358,positive_4,k__Eukaryota;p__Chordata;c__Mammalia;o__Perissodactyla;f__Equidae;g__Equus;s__Equus caballus,2759;7711;40674;9787;9788;9789;9796,0.00118759521370924,8721827,5418480,7892727,2664
365,Emu,Animal foods,Poultry,8790,genbank,species,8790,Eukaryota,Chordata,Aves,Casuariiformes,Dromaiidae,Dromaius,Dromaius novaehollandiae,Dromaius novaehollandiae,species,40,42,positive_4,k__Eukaryota;p__Chordata;c__Aves;o__Casuariiformes;f__Dromaiidae;g__Dromaius;s__Dromaius novaehollandiae,2759;7711;8782;8784;8788;8789;8790,4.8155048248492e-06,8721827,5418480,7892727,2664
53,Citrus_aurantiifolia,Fruits,Citrus,159033,genbank,genus,2706,Eukaryota,Streptophyta,Magnoliopsida,Sapindales,Rutaceae,Citrus,Citrus x aurantiifolia,Citrus,genus,34,34,positive_2,k__Eukaryota;p__Streptophyta;c__Magnoliopsida;o__Sapindales;f__Rutaceae;g__Citrus;s__,2759;35493;3398;41937;23513;2706;,3.92493356761339e-06,8662567,5503861,7891590,2334
255,"",Fruits,Citrus,37656,genbank,genus,2706,Eukaryota,Streptophyta,Magnoliopsida,Sapindales,Rutaceae,Citrus,Citrus x paradisi,Citrus,genus,34,34,positive_2,k__Eukaryota;p__Streptophyta;c__Magnoliopsida;o__Sapindales;f__Rutaceae;g__Citrus;s__,2759;35493;3398;41937;23513;2706;,3.92493356761339e-06,8662567,5503861,7891590,2334
256,Grapefruit,Fruits,Citrus,37656,genbank,genus,2706,Eukaryota,Streptophyta,Magnoliopsida,Sapindales,Rutaceae,Citrus,Citrus x paradisi,Citrus,genus,34,34,positive_2,k__Eukaryota;p__Streptophyta;c__Magnoliopsida;o__Sapindales;f__Rutaceae;g__Citrus;s__,2759;35493;3398;41937;23513;2706;,3.92493356761339e-06,8662567,5503861,7891590,2334
398,Kumquat,Fruits,Tropical fruits,2706,genbank,genus,2706,Eukaryota,Streptophyta,Magnoliopsida,Sapindales,Rutaceae,Citrus,"",Citrus,genus,34,34,positive_2,k__Eukaryota;p__Streptophyta;c__Magnoliopsida;o__Sapindales;f__Rutaceae;g__Citrus;s__,2759;35493;3398;41937;23513;2706;,3.92493356761339e-06,8662567,5503861,7891590,2334
557,Persian_lime,Fruits,Citrus,200541,genbank,genus,2706,Eukaryota,Streptophyta,Magnoliopsida,Sapindales,Rutaceae,Citrus,Citrus x latifolia,Citrus,genus,34,34,positive_2,k__Eukaryota;p__Streptophyta;c__Magnoliopsida;o__Sapindales;f__Rutaceae;g__Citrus;s__,2759;35493;3398;41937;23513;2706;,3.92493356761339e-06,8662567,5503861,7891590,2334
,,,,,,,,,,,,,,,,species,0,0,negative_1,,,0,8770426,5471372,8768617,1809
,,,,,,,,,,,,,,,,species,0,0,negative_2,,,0,8771518,5473023,8769679,1839
,,,,,,,,,,,,,,,,species,0,0,negative_3,,,0,8770451,5473149,8768621,1830
,,,,,,,,,,,,,,,,species,0,0,negative_4,,,0,8768348,5470818,8766513,1835
